{
  "project_info": {
    "project_number": "573537835575",
    "firebase_url": "https://cs-691-project.firebaseio.com",
    "project_id": "cs-691-project",
    "storage_bucket": "cs-691-project.appspot.com"
  },
  "client": [
    {
      "client_info": {
        "mobilesdk_app_id": "1:573537835575:android:7536a708e6bee21d443db2",
        "android_client_info": {
          "package_name": "super.servoli.systems"
        }
      },
      "oauth_client": [
        {
          "client_id": "573537835575-l1jh9klmdepnlq53ctchvda3end6ffhh.apps.googleusercontent.com",
          "client_type": 3
        }
      ],
      "api_key": [
        {
          "current_key": "AIzaSyDn2I6_8orfLnNp1xqdATa2-WTwyCmucZE"
        }
      ],
      "services": {
        "appinvite_service": {
          "other_platform_oauth_client": [
            {
              "client_id": "573537835575-l1jh9klmdepnlq53ctchvda3end6ffhh.apps.googleusercontent.com",
              "client_type": 3
            }
          ]
        }
      }
    }
  ],
  "configuration_version": "1"
}